fecha,division,mensual,12_m
2022-01-01,Alimentos y bebidas consumidos fuera del hogar,0.035,0.862
2022-01-01,Alimentos y bebidas no alcohólicas,0.503,0.218
2022-01-01,Bebidas alcohólicas y tabaco,-0.522,-0.962
2022-01-01,Bienes y servicios diversos,0.104,-0.668
2022-01-01,Comunicaciones,0.202,1.630
2022-01-01,Educación,4.303,3.059
2022-01-01,"Muebles, bienes y servicios domésticos",0.517,1.142
2022-01-01,Prendas de vestir y calzado,-0.046,0.283
2022-01-01,Recreación y cultura,-0.013,1.692
2022-01-01,Salud,0.321,0.943
2022-01-01,Transporte,-0.894,1.580
2022-01-01,Vivienda y servicios básicos,-0.048,0.148
2022-02-01,Alimentos y bebidas consumidos fuera del hogar,0.010,0.956
2022-02-01,Alimentos y bebidas no alcohólicas,0.326,0.382
2022-02-01,Bebidas alcohólicas y tabaco,-0.968,-2.077
2022-02-01,Bienes y servicios diversos,-0.148,-0.735
2022-02-01,Comunicaciones,-0.097,1.039
2022-02-01,Educación,0.039,1.185
2022-02-01,"Muebles, bienes y servicios domésticos",0.396,1.266
2022-02-01,Prendas de vestir y calzado,0.302,0.642
2022-02-01,Recreación y cultura,0.198,1.586
2022-02-01,Salud,0.123,0.590
2022-02-01,Transporte,-0.164,1.760
2022-02-01,Vivienda y servicios básicos,0.117,0.251
2022-03-01,Alimentos y bebidas consumidos fuera del hogar,0.218,1.076
2022-03-01,Alimentos y bebidas no alcohólicas,-0.618,-0.351
2022-03-01,Bebidas alcohólicas y tabaco,0.854,-1.171
2022-03-01,Bienes y servicios diversos,0.370,-0.081
2022-03-01,Comunicaciones,0.182,1.311
2022-03-01,Educación,-0.017,3.155
2022-03-01,"Muebles, bienes y servicios domésticos",0.775,1.812
2022-03-01,Prendas de vestir y calzado,-0.049,1.004
2022-03-01,Recreación y cultura,0.080,1.779
2022-03-01,Salud,0.064,0.922
2022-03-01,Transporte,-0.085,1.872
2022-03-01,Vivienda y servicios básicos,0.025,0.217
2022-04-01,Alimentos y bebidas consumidos fuera del hogar,0.030,0.909
2022-04-01,Alimentos y bebidas no alcohólicas,-0.261,-0.511
2022-04-01,Bebidas alcohólicas y tabaco,-0.538,-1.418
2022-04-01,Bienes y servicios diversos,0.407,0.722
2022-04-01,Comunicaciones,-0.082,1.086
2022-04-01,Educación,0.021,4.027
2022-04-01,"Muebles, bienes y servicios domésticos",0.465,2.424
2022-04-01,Prendas de vestir y calzado,0.199,1.061
2022-04-01,Recreación y cultura,0.051,1.946
2022-04-01,Salud,0.008,0.909
2022-04-01,Transporte,0.242,2.052
2022-04-01,Vivienda y servicios básicos,0.044,0.306
2022-05-01,Alimentos y bebidas consumidos fuera del hogar,0.137,1.030
2022-05-01,Alimentos y bebidas no alcohólicas,1.217,0.899
2022-05-01,Bebidas alcohólicas y tabaco,0.056,-1.145
2022-05-01,Bienes y servicios diversos,0.229,1.489
2022-05-01,Comunicaciones,-0.376,0.980
2022-05-01,Educación,-0.035,4.326
2022-05-01,"Muebles, bienes y servicios domésticos",0.252,2.932
2022-05-01,Prendas de vestir y calzado,0.223,1.452
2022-05-01,Recreación y cultura,-0.213,1.684
2022-05-01,Salud,0.261,1.428
2022-05-01,Transporte,-0.211,1.979
2022-05-01,Vivienda y servicios básicos,0.344,0.637
2022-06-01,Alimentos y bebidas consumidos fuera del hogar,0.241,1.195
2022-06-01,Alimentos y bebidas no alcohólicas,1.133,2.211
2022-06-01,Bebidas alcohólicas y tabaco,0.152,-0.291
2022-06-01,Bienes y servicios diversos,0.328,1.859
2022-06-01,Comunicaciones,-0.362,0.710
2022-06-01,Educación,0.031,4.356
2022-06-01,"Muebles, bienes y servicios domésticos",0.237,2.995
2022-06-01,Prendas de vestir y calzado,0.134,1.564
2022-06-01,Recreación y cultura,-0.047,1.253
2022-06-01,Salud,0.162,1.316
2022-06-01,Transporte,0.069,1.806
2022-06-01,Vivienda y servicios básicos,0.061,0.789
2022-07-01,Alimentos y bebidas consumidos fuera del hogar,0.294,1.385
2022-07-01,Alimentos y bebidas no alcohólicas,0.607,2.334
2022-07-01,Bebidas alcohólicas y tabaco,-0.406,-0.702
2022-07-01,Bienes y servicios diversos,0.295,2.114
2022-07-01,Comunicaciones,-0.698,0.207
2022-07-01,Educación,0.026,4.398
2022-07-01,"Muebles, bienes y servicios domésticos",1.083,4.200
2022-07-01,Prendas de vestir y calzado,0.148,1.730
2022-07-01,Recreación y cultura,-0.204,0.957
2022-07-01,Salud,-0.023,1.081
2022-07-01,Transporte,1.463,3.286
2022-07-01,Vivienda y servicios básicos,0.051,0.817
2022-08-01,Alimentos y bebidas consumidos fuera del hogar,0.120,1.428
2022-08-01,Alimentos y bebidas no alcohólicas,0.181,0.760
2022-08-01,Bebidas alcohólicas y tabaco,0.395,-0.256
2022-08-01,Bienes y servicios diversos,0.035,2.049
2022-08-01,Comunicaciones,-0.070,-0.035
2022-08-01,Educación,0.423,4.791
2022-08-01,"Muebles, bienes y servicios domésticos",0.396,4.605
2022-08-01,Prendas de vestir y calzado,-0.021,1.834
2022-08-01,Recreación y cultura,-0.071,0.814
2022-08-01,Salud,-0.195,1.096
2022-08-01,Transporte,-0.821,2.006
2022-08-01,Vivienda y servicios básicos,0.156,1.036
2022-09-01,Alimentos y bebidas consumidos fuera del hogar,0.062,1.419
2022-09-01,Alimentos y bebidas no alcohólicas,0.448,2.211
2022-09-01,Bebidas alcohólicas y tabaco,0.043,-0.163
2022-09-01,Bienes y servicios diversos,0.133,2.085
2022-09-01,Comunicaciones,-0.034,-0.211
2022-09-01,Educación,-0.001,4.913
2022-09-01,"Muebles, bienes y servicios domésticos",0.448,5.065
2022-09-01,Prendas de vestir y calzado,0.001,1.575
2022-09-01,Recreación y cultura,-0.250,0.216
2022-09-01,Salud,-0.039,1.155
2022-09-01,Transporte,-0.156,1.607
2022-09-01,Vivienda y servicios básicos,0.105,1.184
2022-10-01,Alimentos y bebidas consumidos fuera del hogar,0.315,1.672
2022-10-01,Alimentos y bebidas no alcohólicas,2.185,5.724
2022-10-01,Bebidas alcohólicas y tabaco,-0.107,-0.244
2022-10-01,Bienes y servicios diversos,0.084,1.987
2022-10-01,Comunicaciones,0.008,-0.694
2022-10-01,Educación,-0.032,4.837
2022-10-01,"Muebles, bienes y servicios domésticos",0.344,5.457
2022-10-01,Prendas de vestir y calzado,0.175,1.771
2022-10-01,Recreación y cultura,0.057,0.043
2022-10-01,Salud,-0.100,0.907
2022-10-01,Transporte,0.690,1.998
2022-10-01,Vivienda y servicios básicos,0.084,1.159
2022-11-01,Alimentos y bebidas consumidos fuera del hogar,0.853,2.424
2022-11-01,Alimentos y bebidas no alcohólicas,0.953,6.409
2022-11-01,Bebidas alcohólicas y tabaco,0.102,-0.845
2022-11-01,Bienes y servicios diversos,0.018,2.173
2022-11-01,Comunicaciones,0.032,-1.229
2022-11-01,Educación,-0.039,4.834
2022-11-01,"Muebles, bienes y servicios domésticos",-0.186,5.297
2022-11-01,Prendas de vestir y calzado,-0.290,1.564
2022-11-01,Recreación y cultura,0.110,0.179
2022-11-01,Salud,0.127,0.934
2022-11-01,Transporte,1.081,2.317
2022-11-01,Vivienda y servicios básicos,0.048,1.088
2022-12-01,Alimentos y bebidas consumidos fuera del hogar,0.089,2.426
2022-12-01,Alimentos y bebidas no alcohólicas,-0.245,6.586
2022-12-01,Bebidas alcohólicas y tabaco,0.521,-0.432
2022-12-01,Bienes y servicios diversos,0.557,2.437
2022-12-01,Comunicaciones,-0.113,-1.403
2022-12-01,Educación,0.010,4.749
2022-12-01,"Muebles, bienes y servicios domésticos",0.207,5.041
2022-12-01,Prendas de vestir y calzado,0.495,1.276
2022-12-01,Recreación y cultura,-0.122,-0.426
2022-12-01,Salud,0.325,1.037
2022-12-01,Transporte,0.863,2.067
2022-12-01,Vivienda y servicios básicos,0.016,1.006
2023-01-01,Alimentos y bebidas consumidos fuera del hogar,0.338,2.736
2023-01-01,Alimentos y bebidas no alcohólicas,0.727,6.824
2023-01-01,Bebidas alcohólicas y tabaco,-0.438,-0.347
2023-01-01,Bienes y servicios diversos,0.676,3.023
2023-01-01,Comunicaciones,-0.266,-1.863
2023-01-01,Educación,0.603,1.033
2023-01-01,"Muebles, bienes y servicios domésticos",0.211,4.721
2023-01-01,Prendas de vestir y calzado,0.111,1.436
2023-01-01,Recreación y cultura,0.468,0.053
2023-01-01,Salud,-0.040,0.674
2023-01-01,Transporte,-0.420,2.555
2023-01-01,Vivienda y servicios básicos,0.136,1.192
2023-02-01,Alimentos y bebidas consumidos fuera del hogar,0.176,2.907
2023-02-01,Alimentos y bebidas no alcohólicas,-1.769,4.594
2023-02-01,Bebidas alcohólicas y tabaco,0.104,0.731
2023-02-01,Bienes y servicios diversos,0.115,3.294
2023-02-01,Comunicaciones,-0.224,-1.988
2023-02-01,Educación,0.373,1.370
2023-02-01,"Muebles, bienes y servicios domésticos",0.016,4.325
2023-02-01,Prendas de vestir y calzado,-0.138,0.990
2023-02-01,Recreación y cultura,1.293,1.147
2023-02-01,Salud,0.075,0.626
2023-02-01,Transporte,-0.678,2.027
2023-02-01,Vivienda y servicios básicos,0.017,1.091
2023-03-01,Alimentos y bebidas consumidos fuera del hogar,-0.017,2.665
2023-03-01,Alimentos y bebidas no alcohólicas,-0.263,4.968
2023-03-01,Bebidas alcohólicas y tabaco,-0.362,-0.483
2023-03-01,Bienes y servicios diversos,0.114,3.031
2023-03-01,Comunicaciones,0.325,-1.848
2023-03-01,Educación,0.112,1.501
2023-03-01,"Muebles, bienes y servicios domésticos",0.112,3.639
2023-03-01,Prendas de vestir y calzado,0.084,1.125
2023-03-01,Recreación y cultura,0.082,1.149
2023-03-01,Salud,0.410,0.975
2023-03-01,Transporte,-0.782,1.316
2023-03-01,Vivienda y servicios básicos,0.112,1.178
2023-04-01,Alimentos y bebidas consumidos fuera del hogar,0.105,2.743
2023-04-01,Alimentos y bebidas no alcohólicas,0.395,5.658
2023-04-01,Bebidas alcohólicas y tabaco,-0.282,-0.228
2023-04-01,Bienes y servicios diversos,-0.011,2.602
2023-04-01,Comunicaciones,0.315,-1.458
2023-04-01,Educación,-0.024,1.455
2023-04-01,"Muebles, bienes y servicios domésticos",0.231,3.397
2023-04-01,Prendas de vestir y calzado,0.075,0.999
2023-04-01,Recreación y cultura,-0.090,1.006
2023-04-01,Salud,-0.058,0.907
2023-04-01,Transporte,0.402,1.478
2023-04-01,Vivienda y servicios básicos,0.020,1.153
2023-05-01,Alimentos y bebidas consumidos fuera del hogar,0.142,2.748
2023-05-01,Alimentos y bebidas no alcohólicas,1.669,6.131
2023-05-01,Bebidas alcohólicas y tabaco,0.291,0.007
2023-05-01,Bienes y servicios diversos,0.430,2.807
2023-05-01,Comunicaciones,0.047,-1.039
2023-05-01,Educación,0.004,1.495
2023-05-01,"Muebles, bienes y servicios domésticos",0.427,3.578
2023-05-01,Prendas de vestir y calzado,0.437,1.215
2023-05-01,Recreación y cultura,0.170,1.394
2023-05-01,Salud,0.209,0.855
2023-05-01,Transporte,-0.581,1.101
2023-05-01,Vivienda y servicios básicos,0.472,1.282
2023-06-01,Alimentos y bebidas consumidos fuera del hogar,0.164,2.669
2023-06-01,Alimentos y bebidas no alcohólicas,0.331,5.289
2023-06-01,Bebidas alcohólicas y tabaco,0.051,-0.094
2023-06-01,Bienes y servicios diversos,0.356,2.836
2023-06-01,Comunicaciones,-0.140,-0.818
2023-06-01,Educación,0.043,1.507
2023-06-01,"Muebles, bienes y servicios domésticos",0.797,4.156
2023-06-01,Prendas de vestir y calzado,0.151,1.232
2023-06-01,Recreación y cultura,-0.196,1.243
2023-06-01,Salud,0.406,1.101
2023-06-01,Transporte,0.110,1.143
2023-06-01,Vivienda y servicios básicos,0.103,1.324
2023-07-01,Alimentos y bebidas consumidos fuera del hogar,0.147,2.519
2023-07-01,Alimentos y bebidas no alcohólicas,0.512,5.190
2023-07-01,Bebidas alcohólicas y tabaco,0.411,0.725
2023-07-01,Bienes y servicios diversos,0.259,2.799
2023-07-01,Comunicaciones,-0.103,-0.224
2023-07-01,Educación,-0.102,1.378
2023-07-01,"Muebles, bienes y servicios domésticos",-0.146,2.890
2023-07-01,Prendas de vestir y calzado,0.184,1.269
2023-07-01,Recreación y cultura,0.297,1.751
2023-07-01,Salud,0.172,1.298
2023-07-01,Transporte,1.714,1.394
2023-07-01,Vivienda y servicios básicos,0.129,1.403
2023-08-01,Alimentos y bebidas consumidos fuera del hogar,0.149,2.548
2023-08-01,Alimentos y bebidas no alcohólicas,1.234,6.296
2023-08-01,Bebidas alcohólicas y tabaco,-0.191,0.137
2023-08-01,Bienes y servicios diversos,0.130,2.896
2023-08-01,Comunicaciones,-0.186,-0.339
2023-08-01,Educación,0.111,1.062
2023-08-01,"Muebles, bienes y servicios domésticos",0.082,2.569
2023-08-01,Prendas de vestir y calzado,-0.124,1.164
2023-08-01,Recreación y cultura,-0.050,1.773
2023-08-01,Salud,0.069,1.566
2023-08-01,Transporte,0.184,2.421
2023-08-01,Vivienda y servicios básicos,0.062,1.308
2023-09-01,Alimentos y bebidas consumidos fuera del hogar,0.115,2.603
2023-09-01,Alimentos y bebidas no alcohólicas,-0.450,5.346
2023-09-01,Bebidas alcohólicas y tabaco,0.285,0.378
2023-09-01,Bienes y servicios diversos,-0.050,2.708
2023-09-01,Comunicaciones,0.072,-0.234
2023-09-01,Educación,0.005,1.068
2023-09-01,"Muebles, bienes y servicios domésticos",-0.031,2.079
2023-09-01,Prendas de vestir y calzado,-0.001,1.162
2023-09-01,Recreación y cultura,-0.180,1.844
2023-09-01,Salud,0.030,1.636
2023-09-01,Transporte,0.578,3.175
2023-09-01,Vivienda y servicios básicos,0.068,1.271
2023-10-01,Alimentos y bebidas consumidos fuera del hogar,0.118,2.401
2023-10-01,Alimentos y bebidas no alcohólicas,-0.123,2.967
2023-10-01,Bebidas alcohólicas y tabaco,0.245,0.732
2023-10-01,Bienes y servicios diversos,-0.096,2.524
2023-10-01,Comunicaciones,-0.068,-0.311
2023-10-01,Educación,-0.029,1.071
2023-10-01,"Muebles, bienes y servicios domésticos",0.072,1.802
2023-10-01,Prendas de vestir y calzado,-0.162,0.822
2023-10-01,Recreación y cultura,0.023,1.810
2023-10-01,Salud,0.039,1.777
2023-10-01,Transporte,0.027,2.496
2023-10-01,Vivienda y servicios básicos,0.216,1.405
2023-11-01,Alimentos y bebidas consumidos fuera del hogar,-0.039,1.495
2023-11-01,Alimentos y bebidas no alcohólicas,0.017,2.013
2023-11-01,Bebidas alcohólicas y tabaco,-0.336,0.292
2023-11-01,Bienes y servicios diversos,-0.107,2.396
2023-11-01,Comunicaciones,0.174,-0.169
2023-11-01,Educación,-0.007,1.104
2023-11-01,"Muebles, bienes y servicios domésticos",0.074,2.067
2023-11-01,Prendas de vestir y calzado,-0.136,0.977
2023-11-01,Recreación y cultura,-0.192,1.504
2023-11-01,Salud,0.145,1.795
2023-11-01,Transporte,0.077,1.477
2023-11-01,Vivienda y servicios básicos,0.037,1.395
2023-12-01,Alimentos y bebidas consumidos fuera del hogar,0.207,1.615
2023-12-01,Alimentos y bebidas no alcohólicas,1.037,3.323
2023-12-01,Bebidas alcohólicas y tabaco,0.965,0.735
2023-12-01,Bienes y servicios diversos,0.850,2.695
2023-12-01,Comunicaciones,0.171,0.115
2023-12-01,Educación,0.096,1.190
2023-12-01,"Muebles, bienes y servicios domésticos",0.155,2.015
2023-12-01,Prendas de vestir y calzado,0.598,1.081
2023-12-01,Recreación y cultura,0.116,1.745
2023-12-01,Salud,0.108,1.574
2023-12-01,Transporte,2.106,2.727
2023-12-01,Vivienda y servicios básicos,-0.255,1.120
2024-01-01,Alimentos y bebidas consumidos fuera del hogar,0.130,1.405
2024-01-01,Alimentos y bebidas no alcohólicas,-0.396,2.171
2024-01-01,Bebidas alcohólicas y tabaco,-0.804,0.365
2024-01-01,Bienes y servicios diversos,0.425,2.439
2024-01-01,Comunicaciones,0.339,0.722
2024-01-01,Educación,1.092,1.682
2024-01-01,"Muebles, bienes y servicios domésticos",0.108,1.910
2024-01-01,Prendas de vestir y calzado,-0.024,0.944
2024-01-01,Recreación y cultura,1.085,2.370
2024-01-01,Salud,0.423,2.045
2024-01-01,Transporte,0.006,3.167
2024-01-01,Vivienda y servicios básicos,-0.080,0.901
2024-02-01,Alimentos y bebidas consumidos fuera del hogar,0.225,1.454
2024-02-01,Alimentos y bebidas no alcohólicas,-0.029,3.980
2024-02-01,Bebidas alcohólicas y tabaco,-0.563,-0.303
2024-02-01,Bienes y servicios diversos,1.030,3.375
2024-02-01,Comunicaciones,0.342,1.294
2024-02-01,Educación,0.402,1.712
2024-02-01,"Muebles, bienes y servicios domésticos",0.585,2.491
2024-02-01,Prendas de vestir y calzado,0.198,1.284
2024-02-01,Recreación y cultura,1.079,2.153
2024-02-01,Salud,0.476,2.454
2024-02-01,Transporte,-0.743,3.099
2024-02-01,Vivienda y servicios básicos,0.095,0.980
2024-03-01,Alimentos y bebidas consumidos fuera del hogar,0.215,1.690
2024-03-01,Alimentos y bebidas no alcohólicas,0.658,4.940
2024-03-01,Bebidas alcohólicas y tabaco,1.095,1.154
2024-03-01,Bienes y servicios diversos,1.456,4.760
2024-03-01,Comunicaciones,0.192,1.160
2024-03-01,Educación,-0.097,1.499
2024-03-01,"Muebles, bienes y servicios domésticos",1.060,3.461
2024-03-01,Prendas de vestir y calzado,0.252,1.453
2024-03-01,Recreación y cultura,1.090,3.182
2024-03-01,Salud,0.694,2.743
2024-03-01,Transporte,-0.724,3.160
2024-03-01,Vivienda y servicios básicos,0.194,1.063
2024-04-01,Alimentos y bebidas consumidos fuera del hogar,0.145,1.730
2024-04-01,Alimentos y bebidas no alcohólicas,1.589,6.188
2024-04-01,Bebidas alcohólicas y tabaco,-0.002,1.439
2024-04-01,Bienes y servicios diversos,1.308,6.142
2024-04-01,Comunicaciones,0.073,0.916
2024-04-01,Educación,-0.059,1.463
2024-04-01,"Muebles, bienes y servicios domésticos",0.265,3.496
2024-04-01,Prendas de vestir y calzado,0.076,1.454
2024-04-01,Recreación y cultura,0.156,3.437
2024-04-01,Salud,0.272,3.082
2024-04-01,Transporte,-0.346,2.391
2024-04-01,Vivienda y servicios básicos,0.010,1.054
2024-05-01,Alimentos y bebidas consumidos fuera del hogar,0.132,1.720
2024-05-01,Alimentos y bebidas no alcohólicas,1.427,5.935
2024-05-01,Bebidas alcohólicas y tabaco,0.522,1.673
2024-05-01,Bienes y servicios diversos,1.102,6.852
2024-05-01,Comunicaciones,0.231,1.100
2024-05-01,Educación,-0.057,1.401
2024-05-01,"Muebles, bienes y servicios domésticos",0.522,3.594
2024-05-01,Prendas de vestir y calzado,0.205,1.219
2024-05-01,Recreación y cultura,0.215,3.483
2024-05-01,Salud,0.364,3.242
2024-05-01,Transporte,0.100,3.092
2024-05-01,Vivienda y servicios básicos,0.423,1.004
2024-06-01,Alimentos y bebidas consumidos fuera del hogar,0.433,1.993
2024-06-01,Alimentos y bebidas no alcohólicas,0.994,6.635
2024-06-01,Bebidas alcohólicas y tabaco,0.169,1.794
2024-06-01,Bienes y servicios diversos,0.653,7.169
2024-06-01,Comunicaciones,-0.148,1.092
2024-06-01,Educación,0.081,1.439
2024-06-01,"Muebles, bienes y servicios domésticos",0.242,3.024
2024-06-01,Prendas de vestir y calzado,0.438,1.510
2024-06-01,Recreación y cultura,0.222,3.917
2024-06-01,Salud,0.851,3.699
2024-06-01,Transporte,0.506,3.500
2024-06-01,Vivienda y servicios básicos,0.126,1.028
2024-07-01,Alimentos y bebidas consumidos fuera del hogar,0.457,2.310
2024-07-01,Alimentos y bebidas no alcohólicas,0.049,6.144
2024-07-01,Bebidas alcohólicas y tabaco,-0.068,1.308
2024-07-01,Bienes y servicios diversos,0.305,7.217
2024-07-01,Comunicaciones,0.909,2.115
2024-07-01,Educación,-0.028,1.513
2024-07-01,"Muebles, bienes y servicios domésticos",0.775,3.975
2024-07-01,Prendas de vestir y calzado,0.594,1.925
2024-07-01,Recreación y cultura,0.423,4.048
2024-07-01,Salud,0.405,3.940
2024-07-01,Transporte,2.069,3.860
2024-07-01,Vivienda y servicios básicos,0.219,1.119
2024-08-01,Alimentos y bebidas consumidos fuera del hogar,1.289,3.474
2024-08-01,Alimentos y bebidas no alcohólicas,1.745,6.679
2024-08-01,Bebidas alcohólicas y tabaco,1.251,2.772
2024-08-01,Bienes y servicios diversos,3.527,10.855
2024-08-01,Comunicaciones,0.962,3.290
2024-08-01,Educación,-0.004,1.397
2024-08-01,"Muebles, bienes y servicios domésticos",3.306,7.324
2024-08-01,Prendas de vestir y calzado,2.489,4.591
2024-08-01,Recreación y cultura,3.879,8.138
2024-08-01,Salud,1.291,5.210
2024-08-01,Transporte,-0.885,2.752
2024-08-01,Vivienda y servicios básicos,0.239,1.298
2024-09-01,Alimentos y bebidas consumidos fuera del hogar,1.021,4.411
2024-09-01,Alimentos y bebidas no alcohólicas,0.707,7.918
2024-09-01,Bebidas alcohólicas y tabaco,0.048,2.529
2024-09-01,Bienes y servicios diversos,2.863,14.086
2024-09-01,Comunicaciones,-0.085,3.129
2024-09-01,Educación,0.023,1.415
2024-09-01,"Muebles, bienes y servicios domésticos",2.279,9.804
2024-09-01,Prendas de vestir y calzado,1.443,6.102
2024-09-01,Recreación y cultura,0.766,9.163
2024-09-01,Salud,0.900,6.124
2024-09-01,Transporte,-0.160,1.998
2024-09-01,Vivienda y servicios básicos,0.175,1.406
2024-10-01,Alimentos y bebidas consumidos fuera del hogar,1.287,5.630
2024-10-01,Alimentos y bebidas no alcohólicas,3.597,11.938
2024-10-01,Bebidas alcohólicas y tabaco,1.210,3.516
2024-10-01,Bienes y servicios diversos,1.699,16.135
2024-10-01,Comunicaciones,-0.300,2.890
2024-10-01,Educación,0.099,1.544
2024-10-01,"Muebles, bienes y servicios domésticos",1.106,10.939
2024-10-01,Prendas de vestir y calzado,1.217,7.568
2024-10-01,Recreación y cultura,0.343,9.511
2024-10-01,Salud,1.306,7.469
2024-10-01,Transporte,0.754,2.738
2024-10-01,Vivienda y servicios básicos,0.290,1.481
2024-11-01,Alimentos y bebidas consumidos fuera del hogar,2.042,7.829
2024-11-01,Alimentos y bebidas no alcohólicas,2.592,14.819
2024-11-01,Bebidas alcohólicas y tabaco,0.986,4.889
2024-11-01,Bienes y servicios diversos,1.330,17.806
2024-11-01,Comunicaciones,0.166,2.882
2024-11-01,Educación,-0.049,1.502
2024-11-01,"Muebles, bienes y servicios domésticos",0.960,11.921
2024-11-01,Prendas de vestir y calzado,0.534,8.290
2024-11-01,Recreación y cultura,0.395,10.155
2024-11-01,Salud,0.775,8.145
2024-11-01,Transporte,1.255,3.948
2024-11-01,Vivienda y servicios básicos,0.467,1.917
2024-12-01,Alimentos y bebidas consumidos fuera del hogar,1.039,8.724
2024-12-01,Alimentos y bebidas no alcohólicas,1.545,15.396
2024-12-01,Bebidas alcohólicas y tabaco,1.501,5.446
2024-12-01,Bienes y servicios diversos,0.859,17.816
2024-12-01,Comunicaciones,0.372,3.088
2024-12-01,Educación,0.002,1.406
2024-12-01,"Muebles, bienes y servicios domésticos",1.203,13.091
2024-12-01,Prendas de vestir y calzado,1.585,9.352
2024-12-01,Recreación y cultura,0.192,10.239
2024-12-01,Salud,0.526,8.597
2024-12-01,Transporte,1.393,3.222
2024-12-01,Vivienda y servicios básicos,0.446,2.633
2025-01-01,Alimentos y bebidas consumidos fuera del hogar,1.443,10.150
2025-01-01,Alimentos y bebidas no alcohólicas,2.924,19.244
2025-01-01,Bebidas alcohólicas y tabaco,1.043,7.409
2025-01-01,Bienes y servicios diversos,2.117,19.801
2025-01-01,Comunicaciones,0.050,2.792
2025-01-01,Educación,1.397,1.713
2025-01-01,"Muebles, bienes y servicios domésticos",1.073,14.182
2025-01-01,Prendas de vestir y calzado,1.134,10.619
2025-01-01,Recreación y cultura,3.605,12.988
2025-01-01,Salud,1.008,9.229
2025-01-01,Transporte,2.247,5.535
2025-01-01,Vivienda y servicios básicos,0.869,3.608
2025-02-01,Alimentos y bebidas consumidos fuera del hogar,0.836,10.822
2025-02-01,Alimentos y bebidas no alcohólicas,1.838,21.471
2025-02-01,Bebidas alcohólicas y tabaco,0.688,8.761
2025-02-01,Bienes y servicios diversos,1.741,20.644
2025-02-01,Comunicaciones,0.154,2.598
2025-02-01,Educación,1.259,2.580
2025-02-01,"Muebles, bienes y servicios domésticos",0.636,14.239
2025-02-01,Prendas de vestir y calzado,0.969,11.471
2025-02-01,Recreación y cultura,1.520,13.481
2025-02-01,Salud,0.580,9.342
2025-02-01,Transporte,1.719,8.153
2025-02-01,Vivienda y servicios básicos,0.427,3.951
2025-03-01,Alimentos y bebidas consumidos fuera del hogar,1.384,12.115
2025-03-01,Alimentos y bebidas no alcohólicas,3.812,25.277
2025-03-01,Bebidas alcohólicas y tabaco,0.355,7.966
2025-03-01,Bienes y servicios diversos,1.152,20.283
2025-03-01,Comunicaciones,-0.011,2.391
2025-03-01,Educación,0.166,2.850
2025-03-01,"Muebles, bienes y servicios domésticos",0.698,13.829
2025-03-01,Prendas de vestir y calzado,0.677,11.944
2025-03-01,Recreación y cultura,-0.185,12.051
2025-03-01,Salud,0.788,9.444
2025-03-01,Transporte,1.615,10.701
2025-03-01,Vivienda y servicios básicos,0.410,4.175
2025-04-01,Alimentos y bebidas consumidos fuera del hogar,1.095,13.179
2025-04-01,Alimentos y bebidas no alcohólicas,0.451,23.873
2025-04-01,Bebidas alcohólicas y tabaco,1.326,9.399
2025-04-01,Bienes y servicios diversos,3.014,22.309
2025-04-01,Comunicaciones,0.567,2.896
2025-04-01,Educación,-0.063,2.846
2025-04-01,"Muebles, bienes y servicios domésticos",1.998,15.797
2025-04-01,Prendas de vestir y calzado,1.630,13.682
2025-04-01,Recreación y cultura,0.620,12.570
2025-04-01,Salud,1.864,11.182
2025-04-01,Transporte,-0.354,10.692
2025-04-01,Vivienda y servicios básicos,0.504,4.689
2025-05-01,Alimentos y bebidas consumidos fuera del hogar,2.130,15.436
2025-05-01,Alimentos y bebidas no alcohólicas,5.018,28.259
2025-05-01,Bebidas alcohólicas y tabaco,1.258,10.199
2025-05-01,Bienes y servicios diversos,7.688,30.276
2025-05-01,Comunicaciones,1.284,3.978
2025-05-01,Educación,-0.154,2.747
2025-05-01,"Muebles, bienes y servicios domésticos",6.341,22.500
2025-05-01,Prendas de vestir y calzado,5.542,19.737
2025-05-01,Recreación y cultura,2.428,15.056
2025-05-01,Salud,3.005,14.109
2025-05-01,Transporte,0.923,11.602
2025-05-01,Vivienda y servicios básicos,1.029,5.321
2025-06-01,Alimentos y bebidas consumidos fuera del hogar,4.211,19.779
2025-06-01,Alimentos y bebidas no alcohólicas,8.497,37.787
2025-06-01,Bebidas alcohólicas y tabaco,1.828,12.024
2025-06-01,Bienes y servicios diversos,9.210,41.351
2025-06-01,Comunicaciones,0.847,5.015
2025-06-01,Educación,0.085,2.751
2025-06-01,"Muebles, bienes y servicios domésticos",6.080,29.634
2025-06-01,Prendas de vestir y calzado,5.519,25.795
2025-06-01,Recreación y cultura,2.319,17.463
2025-06-01,Salud,4.011,17.684
2025-06-01,Transporte,1.409,12.605
2025-06-01,Vivienda y servicios básicos,0.749,5.976
2025-07-01,Alimentos y bebidas consumidos fuera del hogar,1.849,21.439
2025-07-01,Alimentos y bebidas no alcohólicas,-0.367,37.215
2025-07-01,Bebidas alcohólicas y tabaco,1.047,13.275
2025-07-01,Bienes y servicios diversos,4.288,46.964
2025-07-01,Comunicaciones,-0.649,3.393
2025-07-01,Educación,0.286,3.074
2025-07-01,"Muebles, bienes y servicios domésticos",3.549,33.202
2025-07-01,Prendas de vestir y calzado,2.523,28.207
2025-07-01,Recreación y cultura,-0.100,16.851
2025-07-01,Salud,2.687,20.360
2025-07-01,Transporte,1.764,12.269
2025-07-01,Vivienda y servicios básicos,1.024,6.828
2025-08-01,Alimentos y bebidas consumidos fuera del hogar,0.835,20.895
2025-08-01,Alimentos y bebidas no alcohólicas,1.378,36.721
2025-08-01,Bebidas alcohólicas y tabaco,1.816,13.906
2025-08-01,Bienes y servicios diversos,0.576,42.776
2025-08-01,Comunicaciones,-1.051,1.332
2025-08-01,Educación,0.084,3.165
2025-08-01,"Muebles, bienes y servicios domésticos",0.684,29.820
2025-08-01,Prendas de vestir y calzado,1.115,26.489
2025-08-01,Recreación y cultura,3.885,16.858
2025-08-01,Salud,1.201,20.253
2025-08-01,Transporte,-0.310,12.920
2025-08-01,Vivienda y servicios básicos,1.166,7.816
2025-09-01,Alimentos y bebidas consumidos fuera del hogar,0.845,20.684
2025-09-01,Alimentos y bebidas no alcohólicas,0.298,36.167
2025-09-01,Bebidas alcohólicas y tabaco,1.305,15.338
2025-09-01,Bienes y servicios diversos,-0.451,38.176
2025-09-01,Comunicaciones,-0.793,0.614
2025-09-01,Educación,0.314,3.466
2025-09-01,"Muebles, bienes y servicios domésticos",-0.137,26.754
2025-09-01,Prendas de vestir y calzado,0.162,24.892
2025-09-01,Recreación y cultura,-1.078,14.719
2025-09-01,Salud,0.832,20.173
2025-09-01,Transporte,-0.078,13.013
2025-09-01,Vivienda y servicios básicos,1.076,8.784
2025-10-01,Alimentos y bebidas consumidos fuera del hogar,0.635,19.907
2025-10-01,Alimentos y bebidas no alcohólicas,1.972,34.031
2025-10-01,Bebidas alcohólicas y tabaco,1.370,15.522
2025-10-01,Bienes y servicios diversos,-0.886,34.664
2025-10-01,Comunicaciones,-0.507,0.405
2025-10-01,Educación,0.035,3.400
2025-10-01,"Muebles, bienes y servicios domésticos",-0.420,24.841
2025-10-01,Prendas de vestir y calzado,0.573,24.098
2025-10-01,Recreación y cultura,-0.258,14.032
2025-10-01,Salud,0.791,19.562
2025-10-01,Transporte,0.678,12.928
2025-10-01,Vivienda y servicios básicos,0.720,9.251
2025-11-01,Alimentos y bebidas consumidos fuera del hogar,1.307,19.044
2025-11-01,Alimentos y bebidas no alcohólicas,1.696,32.861
2025-11-01,Bebidas alcohólicas y tabaco,0.642,15.128
2025-11-01,Bienes y servicios diversos,-1.235,31.254
2025-11-01,Comunicaciones,-1.606,-1.371
2025-11-01,Educación,0.001,3.451
2025-11-01,"Muebles, bienes y servicios domésticos",-1.322,22.020
2025-11-01,Prendas de vestir y calzado,-0.317,23.047
2025-11-01,Recreación y cultura,-1.327,12.077
2025-11-01,Salud,0.093,18.753
2025-11-01,Transporte,-0.164,11.345
2025-11-01,Vivienda y servicios básicos,0.415,9.193
2025-12-01,Alimentos y bebidas consumidos fuera del hogar,1.138,19.160
2025-12-01,Alimentos y bebidas no alcohólicas,-1.957,28.279
2025-12-01,Bebidas alcohólicas y tabaco,1.016,14.577
2025-12-01,Bienes y servicios diversos,-1.402,28.312
2025-12-01,Comunicaciones,-0.905,-2.627
2025-12-01,Educación,-0.039,3.410
2025-12-01,"Muebles, bienes y servicios domésticos",-1.136,19.199
2025-12-01,Prendas de vestir y calzado,0.892,22.208
2025-12-01,Recreación y cultura,-1.345,10.357
2025-12-01,Salud,0.645,18.893
2025-12-01,Transporte,15.308,26.627
2025-12-01,Vivienda y servicios básicos,0.586,9.346
2026-01-01,Alimentos y bebidas consumidos fuera del hogar,1.333,19.030
2026-01-01,Alimentos y bebidas no alcohólicas,-0.496,24.016
2026-01-01,Bebidas alcohólicas y tabaco,2.011,15.675
2026-01-01,Bienes y servicios diversos,-1.128,24.234
2026-01-01,Comunicaciones,-0.696,-3.353
2026-01-01,Educación,3.284,5.334
2026-01-01,"Muebles, bienes y servicios domésticos",-0.004,17.928
2026-01-01,Prendas de vestir y calzado,0.031,20.876
2026-01-01,Recreación y cultura,0.831,7.401
2026-01-01,Salud,1.256,19.185
2026-01-01,Transporte,11.937,38.627
2026-01-01,Vivienda y servicios básicos,0.964,9.449
2026-02-01,Alimentos y bebidas consumidos fuera del hogar,0.110,18.173
2026-02-01,Alimentos y bebidas no alcohólicas,-1.443,20.021
2026-02-01,Bebidas alcohólicas y tabaco,0.777,15.776
2026-02-01,Bienes y servicios diversos,-1.541,20.227
2026-02-01,Comunicaciones,-0.330,-3.820
2026-02-01,Educación,1.308,5.385
2026-02-01,"Muebles, bienes y servicios domésticos",-0.705,16.356
2026-02-01,Prendas de vestir y calzado,-0.857,18.689
2026-02-01,Recreación y cultura,0.460,6.280
2026-02-01,Salud,0.117,18.636
2026-02-01,Transporte,-0.766,35.239
2026-02-01,Vivienda y servicios básicos,0.511,9.541
2026-03-01,Alimentos y bebidas consumidos fuera del hogar,0.250,16.851
2026-03-01,Alimentos y bebidas no alcohólicas,-0.499,15.037
2026-03-01,Bebidas alcohólicas y tabaco,-0.198,15.138
2026-03-01,Bienes y servicios diversos,-1.500,17.075
2026-03-01,Comunicaciones,0.321,-3.501
2026-03-01,Educación,0.075,5.289
2026-03-01,"Muebles, bienes y servicios domésticos",-0.788,14.640
2026-03-01,Prendas de vestir y calzado,-0.119,17.751
2026-03-01,Recreación y cultura,-0.262,6.197
2026-03-01,Salud,-0.085,17.608
2026-03-01,Transporte,-0.710,32.146
2026-03-01,Vivienda y servicios básicos,0.401,9.532
2026-04-01,Alimentos y bebidas consumidos fuera del hogar,0.416,16.065
2026-04-01,Alimentos y bebidas no alcohólicas,0.546,15.145
2026-04-01,Bebidas alcohólicas y tabaco,0.202,13.861
2026-04-01,Bienes y servicios diversos,-0.632,12.931
2026-04-01,Comunicaciones,-0.002,-4.047
2026-04-01,Educación,0.119,5.482
2026-04-01,"Muebles, bienes y servicios domésticos",-0.778,11.521
2026-04-01,Prendas de vestir y calzado,-0.313,15.500
2026-04-01,Recreación y cultura,0.140,5.690
2026-04-01,Salud,0.324,15.829
2026-04-01,Transporte,-0.119,32.457
2026-04-01,Vivienda y servicios básicos,0.206,9.208
2026-05-01,Alimentos y bebidas consumidos fuera del hogar,1.795,15.685
2026-05-01,Alimentos y bebidas no alcohólicas,6.048,16.275
2026-05-01,Bebidas alcohólicas y tabaco,0.490,12.997
2026-05-01,Bienes y servicios diversos,-0.277,4.578
2026-05-01,Comunicaciones,0.457,-4.831
2026-05-01,Educación,-0.158,5.477
2026-05-01,"Muebles, bienes y servicios domésticos",-0.003,4.867
2026-05-01,Prendas de vestir y calzado,-0.142,9.279
2026-05-01,Recreación y cultura,0.127,3.316
2026-05-01,Salud,0.554,13.073
2026-05-01,Transporte,0.077,31.347
2026-05-01,Vivienda y servicios básicos,0.131,8.238
